Target,Name,DrugBank ID,ChEMBL ID,SMILES,Other Targets,Score,Papers
P0DTC6,Arachidonic Acid,DB04557,CHEMBL15594,CCCCC\C=C/C\C=C/C\C=C/C\C=C/CCCC(O)=O,5,0.8950945343240164,cd4af73d6505e3a9ff4da7b0335643e1d72a2c17
P0DTC6,Chymotrypsin,DB09375,CHEMBL1201465,,0,0.2252512485998701,"""418df9257c718376205f5d935df34bf3e223fa41|c2350540687fe9cb73c82352dd286668ffa3bcea|ed14eddfda405171b26574eabd570b636c372903"""
P0DTC6,Favipiravir,DB12466,CHEMBL221722,NC(=O)C1=NC(F)=CN=C1O,1,0.5839909435017034,c50d060c0651bb8be360bc49d06793494aa46473
