Target,Name,DrugBank ID,ChEMBL ID,SMILES,Other Targets,Score,Papers
P35232,Ascorbic acid,DB00126,CHEMBL196,[H][C@@]1(OC(=O)C(O)=C1O)[C@@H](O)CO,23,0.07518197313796192,7449684ff88a860dd7182cb57067869351d4e49f
P35232,Fluoxetine,DB00472,CHEMBL41,CNCCC(OC1=CC=C(C=C1)C(F)(F)F)C1=CC=CC=C1,7,0.009542387224923633,7449684ff88a860dd7182cb57067869351d4e49f
P35232,Amiloride,DB00594,CHEMBL945,NC(=N)NC(=O)C1=NC(Cl)=C(N)N=C1N,9,0.021623755373297773,7449684ff88a860dd7182cb57067869351d4e49f
P35232,Tretinoin,DB00755,CHEMBL38,C\C(\C=C\C1=C(C)CCCC1(C)C)=C/C=C/C(/C)=C/C(O)=O,19,0.052032180738010365,7449684ff88a860dd7182cb57067869351d4e49f
P35232,Acetylsalicylic acid,DB00945,CHEMBL25,CC(=O)OC1=CC=CC=C1C(O)=O,28,0.094420093297821,7449684ff88a860dd7182cb57067869351d4e49f
P35232,(S)-AMPA,DB02057,CHEMBL276815,CC1=C(C[C@H](N)C(O)=O)C(O)=NO1,1,0.0005610649050071493,7449684ff88a860dd7182cb57067869351d4e49f
P35232,(R)-Fluoxetine,DB08472,CHEMBL153036,CNCC[C@@H](OC1=CC=C(C=C1)C(F)(F)F)C1=CC=CC=C1,1,0.007296300305779877,7449684ff88a860dd7182cb57067869351d4e49f
P35232,Silver nitrate,DB11080,CHEMBL177367,[Ag+].[O-]N(=O)=O,0,0.017407666689410874,98264981eebc8b1770db353c05402b92cb299759
